[{"model": "admin.logentry", "pk": 1, "fields": {"action_time": "2025-02-14T23:47:46.350Z", "user": 1, "content_type": 6, "object_id": "3", "object_repr": "", "action_flag": 1, "change_message": "[{\"added\": {}}]"}}, {"model": "admin.logentry", "pk": 2, "fields": {"action_time": "2025-02-14T23:48:23.718Z", "user": 1, "content_type": 6, "object_id": "3", "object_repr": "andreaibarraperez@gmail.com", "action_flag": 2, "change_message": "[{\"changed\": {\"fields\": [\"First name\", \"Last name\", \"Email\", \"Staff status\", \"Superuser status\"]}}]"}}, {"model": "admin.logentry", "pk": 3, "fields": {"action_time": "2025-02-14T23:48:52.055Z", "user": 1, "content_type": 6, "object_id": "2", "object_repr": "user@example.com", "action_flag": 2, "change_message": "[{\"changed\": {\"fields\": [\"password\"]}}]"}}, {"model": "admin.logentry", "pk": 4, "fields": {"action_time": "2025-02-14T23:49:30.365Z", "user": 1, "content_type": 6, "object_id": "2", "object_repr": "user@example.com", "action_flag": 2, "change_message": "[{\"changed\": {\"fields\": [\"First name\", \"Last name\"]}}]"}}, {"model": "admin.logentry", "pk": 5, "fields": {"action_time": "2025-02-14T23:49:45.368Z", "user": 1, "content_type": 6, "object_id": "2", "object_repr": "user@example.com", "action_flag": 2, "change_message": "[{\"changed\": {\"fields\": [\"Username\"]}}]"}}, {"model": "admin.logentry", "pk": 6, "fields": {"action_time": "2025-02-14T23:49:59.161Z", "user": 1, "content_type": 6, "object_id": "2", "object_repr": "user@example.com", "action_flag": 2, "change_message": "[{\"changed\": {\"fields\": [\"password\"]}}]"}}, {"model": "admin.logentry", "pk": 7, "fields": {"action_time": "2025-02-14T23:50:05.004Z", "user": 1, "content_type": 6, "object_id": "2", "object_repr": "user@example.com", "action_flag": 2, "change_message": "[]"}}, {"model": "admin.logentry", "pk": 8, "fields": {"action_time": "2025-02-14T23:50:58.952Z", "user": 1, "content_type": 6, "object_id": "1", "object_repr": "rodrigoguillenortiz@gmail.com", "action_flag": 2, "change_message": "[{\"changed\": {\"fields\": [\"First name\", \"Last name\"]}}]"}}, {"model": "admin.logentry", "pk": 9, "fields": {"action_time": "2025-02-14T23:51:16.962Z", "user": 1, "content_type": 6, "object_id": "1", "object_repr": "rodrigoguillenortiz@gmail.com", "action_flag": 2, "change_message": "[{\"changed\": {\"fields\": [\"Username\"]}}]"}}, {"model": "admin.logentry", "pk": 10, "fields": {"action_time": "2025-02-16T00:47:17.325Z", "user": 1, "content_type": 6, "object_id": "4", "object_repr": "", "action_flag": 1, "change_message": "[{\"added\": {}}]"}}, {"model": "admin.logentry", "pk": 11, "fields": {"action_time": "2025-02-16T00:47:37.745Z", "user": 1, "content_type": 6, "object_id": "4", "object_repr": "paulinaibarra@gmail.com", "action_flag": 2, "change_message": "[{\"changed\": {\"fields\": [\"First name\", \"Last name\", \"Email\"]}}]"}}, {"model": "admin.logentry", "pk": 12, "fields": {"action_time": "2025-02-19T20:40:36.465Z", "user": 1, "content_type": 7, "object_id": "1", "object_repr": "Category object (1)", "action_flag": 1, "change_message": "[{\"added\": {}}]"}}, {"model": "admin.logentry", "pk": 13, "fields": {"action_time": "2025-02-19T20:43:00.188Z", "user": 1, "content_type": 7, "object_id": "2", "object_repr": "Pizzas", "action_flag": 1, "change_message": "[{\"added\": {}}]"}}, {"model": "admin.logentry", "pk": 14, "fields": {"action_time": "2025-02-20T21:43:06.143Z", "user": 1, "content_type": 8, "object_id": "1", "object_repr": "Helado Chocolate", "action_flag": 1, "change_message": "[{\"added\": {}}]"}}, {"model": "admin.logentry", "pk": 15, "fields": {"action_time": "2025-02-20T21:43:22.976Z", "user": 1, "content_type": 8, "object_id": "2", "object_repr": "Helado Vainilla", "action_flag": 1, "change_message": "[{\"added\": {}}]"}}, {"model": "admin.logentry", "pk": 16, "fields": {"action_time": "2025-02-20T21:43:52.746Z", "user": 1, "content_type": 8, "object_id": "3", "object_repr": "Pizza Peperoni", "action_flag": 1, "change_message": "[{\"added\": {}}]"}}, {"model": "admin.logentry", "pk": 17, "fields": {"action_time": "2025-02-20T21:44:14.111Z", "user": 1, "content_type": 8, "object_id": "4", "object_repr": "Pizza Hawaiana", "action_flag": 1, "change_message": "[{\"added\": {}}]"}}, {"model": "admin.logentry", "pk": 18, "fields": {"action_time": "2025-02-20T22:08:47.276Z", "user": 1, "content_type": 8, "object_id": "5", "object_repr": "Pizza Hawaiana", "action_flag": 1, "change_message": "[{\"added\": {}}]"}}, {"model": "admin.logentry", "pk": 19, "fields": {"action_time": "2025-02-25T08:04:58.058Z", "user": 1, "content_type": 9, "object_id": "1", "object_repr": "1", "action_flag": 1, "change_message": "[{\"added\": {}}]"}}, {"model": "admin.logentry", "pk": 20, "fields": {"action_time": "2025-02-25T08:05:02.181Z", "user": 1, "content_type": 9, "object_id": "2", "object_repr": "2", "action_flag": 1, "change_message": "[{\"added\": {}}]"}}, {"model": "admin.logentry", "pk": 21, "fields": {"action_time": "2025-02-25T08:05:11.536Z", "user": 1, "content_type": 9, "object_id": "3", "object_repr": "3", "action_flag": 1, "change_message": "[{\"added\": {}}]"}}, {"model": "admin.logentry", "pk": 22, "fields": {"action_time": "2025-03-03T21:20:05.623Z", "user": 1, "content_type": 10, "object_id": "1", "object_repr": "1", "action_flag": 1, "change_message": "[{\"added\": {}}]"}}, {"model": "admin.logentry", "pk": 23, "fields": {"action_time": "2025-03-03T21:20:17.415Z", "user": 1, "content_type": 10, "object_id": "2", "object_repr": "1", "action_flag": 1, "change_message": "[{\"added\": {}}]"}}, {"model": "admin.logentry", "pk": 24, "fields": {"action_time": "2025-03-06T23:49:15.015Z", "user": 1, "content_type": 10, "object_id": "3", "object_repr": "2", "action_flag": 1, "change_message": "[{\"added\": {}}]"}}, {"model": "admin.logentry", "pk": 25, "fields": {"action_time": "2025-03-07T10:17:25.414Z", "user": 1, "content_type": 10, "object_id": "4", "object_repr": "3", "action_flag": 1, "change_message": "[{\"added\": {}}]"}}, {"model": "admin.logentry", "pk": 26, "fields": {"action_time": "2025-03-07T10:27:17.096Z", "user": 1, "content_type": 10, "object_id": "5", "object_repr": "3", "action_flag": 1, "change_message": "[{\"added\": {}}]"}}, {"model": "admin.logentry", "pk": 27, "fields": {"action_time": "2025-03-07T10:29:53.932Z", "user": 1, "content_type": 10, "object_id": "5", "object_repr": "3", "action_flag": 2, "change_message": "[{\"changed\": {\"fields\": [\"Status\"]}}]"}}, {"model": "admin.logentry", "pk": 28, "fields": {"action_time": "2025-03-07T10:31:29.056Z", "user": 1, "content_type": 10, "object_id": "5", "object_repr": "3", "action_flag": 2, "change_message": "[{\"changed\": {\"fields\": [\"Status\"]}}]"}}, {"model": "admin.logentry", "pk": 29, "fields": {"action_time": "2025-03-07T10:32:50.490Z", "user": 1, "content_type": 10, "object_id": "5", "object_repr": "3", "action_flag": 2, "change_message": "[{\"changed\": {\"fields\": [\"Status\"]}}]"}}, {"model": "admin.logentry", "pk": 30, "fields": {"action_time": "2025-03-07T10:33:04.874Z", "user": 1, "content_type": 10, "object_id": "5", "object_repr": "3", "action_flag": 2, "change_message": "[{\"changed\": {\"fields\": [\"Status\"]}}]"}}, {"model": "admin.logentry", "pk": 31, "fields": {"action_time": "2025-03-07T10:33:18.265Z", "user": 1, "content_type": 10, "object_id": "4", "object_repr": "3", "action_flag": 2, "change_message": "[{\"changed\": {\"fields\": [\"Status\"]}}]"}}, {"model": "admin.logentry", "pk": 32, "fields": {"action_time": "2025-03-07T10:33:37.944Z", "user": 1, "content_type": 10, "object_id": "6", "object_repr": "4", "action_flag": 1, "change_message": "[{\"added\": {}}]"}}, {"model": "admin.logentry", "pk": 33, "fields": {"action_time": "2025-03-09T11:56:03.180Z", "user": 1, "content_type": 10, "object_id": "7", "object_repr": "1", "action_flag": 1, "change_message": "[{\"added\": {}}]"}}, {"model": "admin.logentry", "pk": 34, "fields": {"action_time": "2025-03-09T23:41:02.393Z", "user": 1, "content_type": 10, "object_id": "8", "object_repr": "1", "action_flag": 1, "change_message": "[{\"added\": {}}]"}}, {"model": "admin.logentry", "pk": 35, "fields": {"action_time": "2025-03-10T10:22:25.317Z", "user": 1, "content_type": 10, "object_id": "2", "object_repr": "1", "action_flag": 2, "change_message": "[{\"changed\": {\"fields\": [\"Status\"]}}]"}}, {"model": "admin.logentry", "pk": 36, "fields": {"action_time": "2025-03-12T09:16:00.123Z", "user": 1, "content_type": 11, "object_id": "1", "object_repr": "1", "action_flag": 1, "change_message": "[{\"added\": {}}]"}}, {"model": "admin.logentry", "pk": 37, "fields": {"action_time": "2025-03-12T09:16:18.556Z", "user": 1, "content_type": 11, "object_id": "1", "object_repr": "1", "action_flag": 3, "change_message": ""}}, {"model": "admin.logentry", "pk": 38, "fields": {"action_time": "2025-03-12T09:16:28.404Z", "user": 1, "content_type": 11, "object_id": "2", "object_repr": "1", "action_flag": 1, "change_message": "[{\"added\": {}}]"}}, {"model": "admin.logentry", "pk": 39, "fields": {"action_time": "2025-03-12T09:16:47.443Z", "user": 1, "content_type": 11, "object_id": "2", "object_repr": "1", "action_flag": 3, "change_message": ""}}, {"model": "admin.logentry", "pk": 40, "fields": {"action_time": "2025-03-14T09:59:25.062Z", "user": 1, "content_type": 11, "object_id": "16", "object_repr": "4", "action_flag": 3, "change_message": ""}}, {"model": "admin.logentry", "pk": 41, "fields": {"action_time": "2025-03-14T09:59:25.062Z", "user": 1, "content_type": 11, "object_id": "15", "object_repr": "4", "action_flag": 3, "change_message": ""}}, {"model": "admin.logentry", "pk": 42, "fields": {"action_time": "2025-03-14T09:59:25.062Z", "user": 1, "content_type": 11, "object_id": "14", "object_repr": "4", "action_flag": 3, "change_message": ""}}, {"model": "admin.logentry", "pk": 43, "fields": {"action_time": "2025-03-14T09:59:25.062Z", "user": 1, "content_type": 11, "object_id": "13", "object_repr": "4", "action_flag": 3, "change_message": ""}}, {"model": "admin.logentry", "pk": 44, "fields": {"action_time": "2025-03-14T09:59:25.062Z", "user": 1, "content_type": 11, "object_id": "12", "object_repr": "4", "action_flag": 3, "change_message": ""}}, {"model": "admin.logentry", "pk": 45, "fields": {"action_time": "2025-03-14T09:59:25.062Z", "user": 1, "content_type": 11, "object_id": "11", "object_repr": "4", "action_flag": 3, "change_message": ""}}, {"model": "admin.logentry", "pk": 46, "fields": {"action_time": "2025-03-14T09:59:25.062Z", "user": 1, "content_type": 11, "object_id": "10", "object_repr": "4", "action_flag": 3, "change_message": ""}}, {"model": "admin.logentry", "pk": 47, "fields": {"action_time": "2025-03-14T09:59:25.062Z", "user": 1, "content_type": 11, "object_id": "9", "object_repr": "4", "action_flag": 3, "change_message": ""}}, {"model": "admin.logentry", "pk": 48, "fields": {"action_time": "2025-03-14T09:59:25.062Z", "user": 1, "content_type": 11, "object_id": "8", "object_repr": "4", "action_flag": 3, "change_message": ""}}, {"model": "admin.logentry", "pk": 49, "fields": {"action_time": "2025-03-14T09:59:25.062Z", "user": 1, "content_type": 11, "object_id": "7", "object_repr": "4", "action_flag": 3, "change_message": ""}}, {"model": "admin.logentry", "pk": 50, "fields": {"action_time": "2025-03-14T09:59:25.062Z", "user": 1, "content_type": 11, "object_id": "6", "object_repr": "4", "action_flag": 3, "change_message": ""}}, {"model": "admin.logentry", "pk": 51, "fields": {"action_time": "2025-03-14T09:59:25.062Z", "user": 1, "content_type": 11, "object_id": "5", "object_repr": "4", "action_flag": 3, "change_message": ""}}, {"model": "admin.logentry", "pk": 52, "fields": {"action_time": "2025-03-14T09:59:25.062Z", "user": 1, "content_type": 11, "object_id": "4", "object_repr": "4", "action_flag": 3, "change_message": ""}}, {"model": "admin.logentry", "pk": 53, "fields": {"action_time": "2025-03-14T09:59:25.062Z", "user": 1, "content_type": 11, "object_id": "3", "object_repr": "4", "action_flag": 3, "change_message": ""}}, {"model": "admin.logentry", "pk": 54, "fields": {"action_time": "2025-03-14T10:10:32.586Z", "user": 1, "content_type": 11, "object_id": "17", "object_repr": "3", "action_flag": 3, "change_message": ""}}, {"model": "admin.logentry", "pk": 55, "fields": {"action_time": "2025-03-14T10:14:27.149Z", "user": 1, "content_type": 11, "object_id": "18", "object_repr": "3", "action_flag": 3, "change_message": ""}}, {"model": "admin.logentry", "pk": 56, "fields": {"action_time": "2025-03-14T10:17:22.536Z", "user": 1, "content_type": 11, "object_id": "23", "object_repr": "3", "action_flag": 3, "change_message": ""}}, {"model": "admin.logentry", "pk": 57, "fields": {"action_time": "2025-03-14T10:17:22.536Z", "user": 1, "content_type": 11, "object_id": "22", "object_repr": "3", "action_flag": 3, "change_message": ""}}, {"model": "admin.logentry", "pk": 58, "fields": {"action_time": "2025-03-14T10:17:22.536Z", "user": 1, "content_type": 11, "object_id": "21", "object_repr": "3", "action_flag": 3, "change_message": ""}}, {"model": "admin.logentry", "pk": 59, "fields": {"action_time": "2025-03-14T10:17:22.536Z", "user": 1, "content_type": 11, "object_id": "20", "object_repr": "3", "action_flag": 3, "change_message": ""}}, {"model": "admin.logentry", "pk": 60, "fields": {"action_time": "2025-03-14T10:17:22.536Z", "user": 1, "content_type": 11, "object_id": "19", "object_repr": "3", "action_flag": 3, "change_message": ""}}, {"model": "admin.logentry", "pk": 61, "fields": {"action_time": "2025-03-14T19:35:22.106Z", "user": 1, "content_type": 11, "object_id": "24", "object_repr": "3", "action_flag": 2, "change_message": "[{\"changed\": {\"fields\": [\"StatusPayment\"]}}]"}}, {"model": "admin.logentry", "pk": 62, "fields": {"action_time": "2025-03-14T19:37:47.744Z", "user": 1, "content_type": 11, "object_id": "24", "object_repr": "3", "action_flag": 2, "change_message": "[{\"changed\": {\"fields\": [\"StatusPayment\"]}}]"}}, {"model": "admin.logentry", "pk": 63, "fields": {"action_time": "2025-03-14T19:37:56.354Z", "user": 1, "content_type": 10, "object_id": "5", "object_repr": "3", "action_flag": 2, "change_message": "[{\"changed\": {\"fields\": [\"Close\"]}}]"}}, {"model": "admin.logentry", "pk": 64, "fields": {"action_time": "2025-03-14T19:38:00.361Z", "user": 1, "content_type": 10, "object_id": "4", "object_repr": "3", "action_flag": 2, "change_message": "[{\"changed\": {\"fields\": [\"Close\"]}}]"}}, {"model": "admin.logentry", "pk": 65, "fields": {"action_time": "2025-03-14T19:38:48.548Z", "user": 1, "content_type": 10, "object_id": "5", "object_repr": "3", "action_flag": 2, "change_message": "[{\"changed\": {\"fields\": [\"Close\"]}}]"}}, {"model": "admin.logentry", "pk": 66, "fields": {"action_time": "2025-03-14T19:38:52.292Z", "user": 1, "content_type": 10, "object_id": "4", "object_repr": "3", "action_flag": 2, "change_message": "[{\"changed\": {\"fields\": [\"Close\"]}}]"}}, {"model": "admin.logentry", "pk": 67, "fields": {"action_time": "2025-03-14T19:39:04.049Z", "user": 1, "content_type": 11, "object_id": "24", "object_repr": "3", "action_flag": 2, "change_message": "[{\"changed\": {\"fields\": [\"StatusPayment\"]}}]"}}, {"model": "admin.logentry", "pk": 68, "fields": {"action_time": "2025-03-14T19:40:36.888Z", "user": 1, "content_type": 11, "object_id": "24", "object_repr": "3", "action_flag": 2, "change_message": "[{\"changed\": {\"fields\": [\"StatusPayment\"]}}]"}}, {"model": "admin.logentry", "pk": 69, "fields": {"action_time": "2025-03-14T19:40:47.815Z", "user": 1, "content_type": 10, "object_id": "5", "object_repr": "3", "action_flag": 2, "change_message": "[{\"changed\": {\"fields\": [\"Close\"]}}]"}}, {"model": "admin.logentry", "pk": 70, "fields": {"action_time": "2025-03-14T19:40:51.369Z", "user": 1, "content_type": 10, "object_id": "4", "object_repr": "3", "action_flag": 2, "change_message": "[{\"changed\": {\"fields\": [\"Close\"]}}]"}}, {"model": "admin.logentry", "pk": 71, "fields": {"action_time": "2025-03-14T19:41:53.651Z", "user": 1, "content_type": 10, "object_id": "5", "object_repr": "3", "action_flag": 2, "change_message": "[{\"changed\": {\"fields\": [\"Close\"]}}]"}}, {"model": "admin.logentry", "pk": 72, "fields": {"action_time": "2025-03-14T19:41:58.047Z", "user": 1, "content_type": 10, "object_id": "4", "object_repr": "3", "action_flag": 2, "change_message": "[{\"changed\": {\"fields\": [\"Close\"]}}]"}}, {"model": "admin.logentry", "pk": 73, "fields": {"action_time": "2025-03-14T19:42:12.219Z", "user": 1, "content_type": 11, "object_id": "24", "object_repr": "3", "action_flag": 2, "change_message": "[{\"changed\": {\"fields\": [\"StatusPayment\"]}}]"}}, {"model": "admin.logentry", "pk": 74, "fields": {"action_time": "2025-03-14T20:00:40.428Z", "user": 1, "content_type": 10, "object_id": "5", "object_repr": "3", "action_flag": 2, "change_message": "[{\"changed\": {\"fields\": [\"Status\"]}}]"}}, {"model": "admin.logentry", "pk": 75, "fields": {"action_time": "2025-03-14T23:17:26.307Z", "user": 1, "content_type": 11, "object_id": "26", "object_repr": "3", "action_flag": 3, "change_message": ""}}, {"model": "admin.logentry", "pk": 76, "fields": {"action_time": "2025-03-14T23:17:26.307Z", "user": 1, "content_type": 11, "object_id": "25", "object_repr": "3", "action_flag": 3, "change_message": ""}}, {"model": "admin.logentry", "pk": 77, "fields": {"action_time": "2025-03-14T23:17:26.307Z", "user": 1, "content_type": 11, "object_id": "24", "object_repr": "3", "action_flag": 3, "change_message": ""}}, {"model": "admin.logentry", "pk": 78, "fields": {"action_time": "2025-03-19T22:25:47.263Z", "user": 1, "content_type": 10, "object_id": "29", "object_repr": "4", "action_flag": 1, "change_message": "[{\"added\": {}}]"}}, {"model": "admin.logentry", "pk": 79, "fields": {"action_time": "2025-03-19T22:26:39.283Z", "user": 1, "content_type": 10, "object_id": "30", "object_repr": "5", "action_flag": 1, "change_message": "[{\"added\": {}}]"}}, {"model": "admin.logentry", "pk": 80, "fields": {"action_time": "2025-03-19T22:26:52.776Z", "user": 1, "content_type": 10, "object_id": "31", "object_repr": "5", "action_flag": 1, "change_message": "[{\"added\": {}}]"}}, {"model": "admin.logentry", "pk": 81, "fields": {"action_time": "2025-03-24T21:37:59.452Z", "user": 1, "content_type": 10, "object_id": "28", "object_repr": "3", "action_flag": 3, "change_message": ""}}, {"model": "admin.logentry", "pk": 82, "fields": {"action_time": "2025-03-24T21:37:59.452Z", "user": 1, "content_type": 10, "object_id": "27", "object_repr": "3", "action_flag": 3, "change_message": ""}}, {"model": "admin.logentry", "pk": 83, "fields": {"action_time": "2025-03-24T21:37:59.453Z", "user": 1, "content_type": 10, "object_id": "26", "object_repr": "3", "action_flag": 3, "change_message": ""}}, {"model": "admin.logentry", "pk": 84, "fields": {"action_time": "2025-03-24T21:37:59.453Z", "user": 1, "content_type": 10, "object_id": "25", "object_repr": "3", "action_flag": 3, "change_message": ""}}, {"model": "admin.logentry", "pk": 85, "fields": {"action_time": "2025-03-24T21:37:59.453Z", "user": 1, "content_type": 10, "object_id": "24", "object_repr": "3", "action_flag": 3, "change_message": ""}}, {"model": "admin.logentry", "pk": 86, "fields": {"action_time": "2025-03-24T21:37:59.453Z", "user": 1, "content_type": 10, "object_id": "23", "object_repr": "3", "action_flag": 3, "change_message": ""}}, {"model": "admin.logentry", "pk": 87, "fields": {"action_time": "2025-03-24T21:37:59.453Z", "user": 1, "content_type": 10, "object_id": "22", "object_repr": "3", "action_flag": 3, "change_message": ""}}, {"model": "admin.logentry", "pk": 88, "fields": {"action_time": "2025-03-24T21:37:59.453Z", "user": 1, "content_type": 10, "object_id": "21", "object_repr": "3", "action_flag": 3, "change_message": ""}}, {"model": "admin.logentry", "pk": 89, "fields": {"action_time": "2025-03-24T21:37:59.453Z", "user": 1, "content_type": 10, "object_id": "19", "object_repr": "3", "action_flag": 3, "change_message": ""}}, {"model": "admin.logentry", "pk": 90, "fields": {"action_time": "2025-03-24T21:37:59.453Z", "user": 1, "content_type": 10, "object_id": "18", "object_repr": "3", "action_flag": 3, "change_message": ""}}, {"model": "admin.logentry", "pk": 91, "fields": {"action_time": "2025-03-24T21:37:59.453Z", "user": 1, "content_type": 10, "object_id": "17", "object_repr": "3", "action_flag": 3, "change_message": ""}}, {"model": "admin.logentry", "pk": 92, "fields": {"action_time": "2025-03-24T21:37:59.453Z", "user": 1, "content_type": 10, "object_id": "16", "object_repr": "3", "action_flag": 3, "change_message": ""}}, {"model": "admin.logentry", "pk": 93, "fields": {"action_time": "2025-03-24T21:37:59.453Z", "user": 1, "content_type": 10, "object_id": "15", "object_repr": "3", "action_flag": 3, "change_message": ""}}, {"model": "admin.logentry", "pk": 94, "fields": {"action_time": "2025-03-24T21:37:59.453Z", "user": 1, "content_type": 10, "object_id": "14", "object_repr": "3", "action_flag": 3, "change_message": ""}}, {"model": "sessions.session", "pk": "k84553m79y9d4ynww4z1bxv649if11ee", "fields": {"session_data": ".eJxVjEEOwiAQRe_C2hCGMrR16d4zkBmYStVAUtqV8e7apAvd_vfef6lA25rD1mQJc1JnBer0uzHFh5QdpDuVW9WxlnWZWe-KPmjT15rkeTncv4NMLX9r30FvmZzxTpwYZGcGstRDN1pCnhDQIxsLAo58xzyBYBriCImAxKv3B73xN3k:1tpDBJ:wMao2nISce9lcxAo1D-HfDQ817AwBg3Ji5rEyJB0oiU", "expire_date": "2025-03-17T21:18:33.123Z"}}, {"model": "sessions.session", "pk": "lexmswpkg768xp3yydr38edf79llvznq", "fields": {"session_data": ".eJxVjEEOwiAQRe_C2hCGMrR16d4zkBmYStVAUtqV8e7apAvd_vfef6lA25rD1mQJc1JnBer0uzHFh5QdpDuVW9WxlnWZWe-KPmjT15rkeTncv4NMLX9r30FvmZzxTpwYZGcGstRDN1pCnhDQIxsLAo58xzyBYBriCImAxKv3B73xN3k:1tv1qP:Gik2_73kOyXRzb63fQYbp00jwoKSzRRAzGr_bSPANlw", "expire_date": "2025-04-02T22:25:01.033Z"}}, {"model": "sessions.session", "pk": "pnk1ryq6525ke0eyqbjwxn5epsg6uqns", "fields": {"session_data": ".eJxVjEEOwiAQRe_C2hCGMrR16d4zkBmYStVAUtqV8e7apAvd_vfef6lA25rD1mQJc1JnBer0uzHFh5QdpDuVW9WxlnWZWe-KPmjT15rkeTncv4NMLX9r30FvmZzxTpwYZGcGstRDN1pCnhDQIxsLAo58xzyBYBriCImAxKv3B73xN3k:1tj5RX:4VfqzI4XwQpVMU-YzGki6OUS2uaRXHfn5PBrS1SBjVI", "expire_date": "2025-02-28T23:49:59.162Z"}}, {"model": "users.user", "pk": 1, "fields": {"password": "pbkdf2_sha256$870000$viYXYy3gniHyKcyMn3clSq$wpmEUq3V6PNNpIz8MD76yJmBgc+aUIfAI+q7eAIevw8=", "last_login": "2025-03-19T22:25:01.032Z", "is_superuser": true, "username": "Rodrigo", "first_name": "Rodrigo", "last_name": "Guillen", "is_staff": true, "is_active": true, "date_joined": "2025-02-06T19:48:01Z", "email": "rodrigoguillenortiz@gmail.com", "groups": [], "user_permissions": []}}, {"model": "users.user", "pk": 3, "fields": {"password": "pbkdf2_sha256$870000$geHVrDtphogMRLMHOmhLK3$s3LNcYIAHngwgrGM/N3o52WkevTm4Zx7hp1iue+e+vM=", "last_login": null, "is_superuser": true, "username": "Andrea", "first_name": "Andrea", "last_name": "Ibarra", "is_staff": true, "is_active": true, "date_joined": "2025-02-14T23:47:46Z", "email": "andreaibarraperez@gmail.com", "groups": [], "user_permissions": []}}, {"model": "users.user", "pk": 4, "fields": {"password": "pbkdf2_sha256$870000$KA2Q2xigiAehEqs4eWRArr$CLCG8fN2gXl2M3coTbA4dXtllUFr8dCVZ7yyepqa4SA=", "last_login": null, "is_superuser": false, "username": "Paulina", "first_name": "Paulina", "last_name": "Ibarra", "is_staff": false, "is_active": true, "date_joined": "2025-02-16T00:47:17Z", "email": "paulinaibarra@gmail.com", "groups": [], "user_permissions": []}}, {"model": "categories.category", "pk": 8, "fields": {"title": "Pizzas", "image": "categories/pizzas.png"}}, {"model": "categories.category", "pk": 9, "fields": {"title": "Helados", "image": "categories/helados.webp"}}, {"model": "categories.category", "pk": 18, "fields": {"title": "Refrescos", "image": "categories/images.jpeg"}}, {"model": "products.product", "pk": 1, "fields": {"title": "Helado Chocolate", "image": "products/helado-chocolate.jpeg", "price": "50.00", "active": true, "category": 9}}, {"model": "products.product", "pk": 2, "fields": {"title": "Helado Vainilla", "image": "products/helado_vainilla.jpg", "price": "50.00", "active": true, "category": 9}}, {"model": "products.product", "pk": 3, "fields": {"title": "Pizza Peperoni", "image": "products/pizza-de-peperoni.jpg.webp", "price": "100.00", "active": true, "category": 8}}, {"model": "products.product", "pk": 5, "fields": {"title": "Pizza Hawaiana", "image": "products/pizza-hawaiana.jpg", "price": "100.00", "active": true, "category": 8}}, {"model": "products.product", "pk": 12, "fields": {"title": "Coca cola", "image": "products/coca.jpg", "price": "10.00", "active": true, "category": 18}}, {"model": "tables.table", "pk": 1, "fields": {"number": 1}}, {"model": "tables.table", "pk": 2, "fields": {"number": 2}}, {"model": "tables.table", "pk": 3, "fields": {"number": 3}}, {"model": "tables.table", "pk": 6, "fields": {"number": 4}}, {"model": "tables.table", "pk": 7, "fields": {"number": 5}}, {"model": "orders.order", "pk": 1, "fields": {"table": 1, "product": 1, "payment": 34, "status": "DELIVERED", "crated_at": "2025-03-03T21:20:05.622Z", "close": true}}, {"model": "orders.order", "pk": 2, "fields": {"table": 1, "product": 2, "payment": 34, "status": "DELIVERED", "crated_at": "2025-03-03T21:20:17.414Z", "close": true}}, {"model": "orders.order", "pk": 3, "fields": {"table": 2, "product": 1, "payment": null, "status": "DELIVERED", "crated_at": "2025-03-06T23:49:15.014Z", "close": false}}, {"model": "orders.order", "pk": 6, "fields": {"table": 6, "product": 2, "payment": 30, "status": "DELIVERED", "crated_at": "2025-03-07T10:33:37.943Z", "close": true}}, {"model": "orders.order", "pk": 7, "fields": {"table": 1, "product": 3, "payment": 34, "status": "DELIVERED", "crated_at": "2025-03-09T11:56:03.178Z", "close": true}}, {"model": "orders.order", "pk": 8, "fields": {"table": 1, "product": 5, "payment": 34, "status": "DELIVERED", "crated_at": "2025-03-09T23:41:02.391Z", "close": true}}, {"model": "orders.order", "pk": 9, "fields": {"table": 2, "product": 1, "payment": null, "status": "PENDING", "crated_at": "2025-03-12T08:19:03.931Z", "close": false}}, {"model": "orders.order", "pk": 10, "fields": {"table": 2, "product": 3, "payment": null, "status": "PENDING", "crated_at": "2025-03-12T08:19:03.940Z", "close": false}}, {"model": "orders.order", "pk": 20, "fields": {"table": 6, "product": 3, "payment": 30, "status": "DELIVERED", "crated_at": "2025-03-14T23:32:37.113Z", "close": true}}, {"model": "orders.order", "pk": 29, "fields": {"table": 6, "product": 2, "payment": null, "status": "PENDING", "crated_at": "2025-03-19T22:25:47.262Z", "close": false}}, {"model": "orders.order", "pk": 30, "fields": {"table": 7, "product": 3, "payment": null, "status": "PENDING", "crated_at": "2025-03-19T22:26:39.282Z", "close": false}}, {"model": "orders.order", "pk": 31, "fields": {"table": 7, "product": 2, "payment": null, "status": "PENDING", "crated_at": "2025-03-19T22:26:52.775Z", "close": false}}, {"model": "orders.order", "pk": 32, "fields": {"table": 1, "product": 3, "payment": 34, "status": "DELIVERED", "crated_at": "2025-03-24T21:35:27.741Z", "close": true}}, {"model": "orders.order", "pk": 33, "fields": {"table": 1, "product": 5, "payment": 34, "status": "DELIVERED", "crated_at": "2025-03-24T21:35:27.751Z", "close": true}}, {"model": "orders.order", "pk": 34, "fields": {"table": 1, "product": 1, "payment": 34, "status": "DELIVERED", "crated_at": "2025-03-24T21:35:27.758Z", "close": true}}, {"model": "orders.order", "pk": 35, "fields": {"table": 1, "product": 3, "payment": 34, "status": "DELIVERED", "crated_at": "2025-03-24T21:38:11.981Z", "close": true}}, {"model": "orders.order", "pk": 36, "fields": {"table": 1, "product": 3, "payment": 34, "status": "DELIVERED", "crated_at": "2025-03-24T21:38:11.987Z", "close": true}}, {"model": "orders.order", "pk": 37, "fields": {"table": 1, "product": 5, "payment": 34, "status": "DELIVERED", "crated_at": "2025-03-24T21:38:11.993Z", "close": true}}, {"model": "orders.order", "pk": 38, "fields": {"table": 1, "product": 5, "payment": 34, "status": "DELIVERED", "crated_at": "2025-03-24T21:38:12.000Z", "close": true}}, {"model": "orders.order", "pk": 39, "fields": {"table": 3, "product": 3, "payment": 35, "status": "DELIVERED", "crated_at": "2025-03-24T21:39:32.482Z", "close": true}}, {"model": "orders.order", "pk": 40, "fields": {"table": 3, "product": 5, "payment": 35, "status": "DELIVERED", "crated_at": "2025-03-24T21:39:32.491Z", "close": true}}, {"model": "orders.order", "pk": 41, "fields": {"table": 3, "product": 1, "payment": 35, "status": "DELIVERED", "crated_at": "2025-03-24T21:39:32.498Z", "close": true}}, {"model": "orders.order", "pk": 42, "fields": {"table": 3, "product": 2, "payment": 35, "status": "DELIVERED", "crated_at": "2025-03-24T21:39:32.505Z", "close": true}}, {"model": "orders.order", "pk": 43, "fields": {"table": 3, "product": 12, "payment": 35, "status": "DELIVERED", "crated_at": "2025-03-24T21:39:32.512Z", "close": true}}, {"model": "orders.order", "pk": 44, "fields": {"table": 3, "product": 2, "payment": 35, "status": "DELIVERED", "crated_at": "2025-03-24T22:34:59.692Z", "close": true}}, {"model": "orders.order", "pk": 45, "fields": {"table": 3, "product": 12, "payment": 35, "status": "DELIVERED", "crated_at": "2025-03-24T23:04:33.756Z", "close": true}}, {"model": "orders.order", "pk": 46, "fields": {"table": 3, "product": 3, "payment": 36, "status": "PENDING", "crated_at": "2025-03-25T08:20:33.321Z", "close": true}}, {"model": "orders.order", "pk": 47, "fields": {"table": 3, "product": 3, "payment": 36, "status": "PENDING", "crated_at": "2025-03-25T08:20:33.328Z", "close": true}}, {"model": "orders.order", "pk": 48, "fields": {"table": 3, "product": 5, "payment": 36, "status": "PENDING", "crated_at": "2025-03-25T08:20:33.334Z", "close": true}}, {"model": "orders.order", "pk": 49, "fields": {"table": 3, "product": 1, "payment": 36, "status": "PENDING", "crated_at": "2025-03-25T08:20:33.340Z", "close": true}}, {"model": "orders.order", "pk": 50, "fields": {"table": 3, "product": 2, "payment": 36, "status": "PENDING", "crated_at": "2025-03-25T08:20:33.344Z", "close": true}}, {"model": "orders.order", "pk": 51, "fields": {"table": 3, "product": 12, "payment": 36, "status": "PENDING", "crated_at": "2025-03-25T08:20:33.349Z", "close": true}}, {"model": "orders.order", "pk": 52, "fields": {"table": 3, "product": 3, "payment": 37, "status": "DELIVERED", "crated_at": "2025-03-25T08:43:36.536Z", "close": true}}, {"model": "orders.order", "pk": 53, "fields": {"table": 3, "product": 5, "payment": 37, "status": "DELIVERED", "crated_at": "2025-03-25T08:43:36.561Z", "close": true}}, {"model": "orders.order", "pk": 54, "fields": {"table": 3, "product": 1, "payment": 37, "status": "DELIVERED", "crated_at": "2025-03-25T08:43:36.602Z", "close": true}}, {"model": "orders.order", "pk": 55, "fields": {"table": 3, "product": 2, "payment": 37, "status": "DELIVERED", "crated_at": "2025-03-25T08:43:36.622Z", "close": true}}, {"model": "orders.order", "pk": 56, "fields": {"table": 3, "product": 12, "payment": 37, "status": "DELIVERED", "crated_at": "2025-03-25T08:43:36.641Z", "close": true}}, {"model": "orders.order", "pk": 57, "fields": {"table": 3, "product": 3, "payment": 38, "status": "DELIVERED", "crated_at": "2025-03-25T08:47:35.305Z", "close": true}}, {"model": "orders.order", "pk": 58, "fields": {"table": 3, "product": 5, "payment": 38, "status": "DELIVERED", "crated_at": "2025-03-25T08:47:35.330Z", "close": true}}, {"model": "orders.order", "pk": 59, "fields": {"table": 3, "product": 1, "payment": 38, "status": "DELIVERED", "crated_at": "2025-03-25T08:47:35.353Z", "close": true}}, {"model": "orders.order", "pk": 60, "fields": {"table": 3, "product": 2, "payment": 38, "status": "DELIVERED", "crated_at": "2025-03-25T08:47:35.374Z", "close": true}}, {"model": "orders.order", "pk": 61, "fields": {"table": 3, "product": 3, "payment": 39, "status": "DELIVERED", "crated_at": "2025-03-25T21:13:57.377Z", "close": true}}, {"model": "orders.order", "pk": 62, "fields": {"table": 3, "product": 5, "payment": 39, "status": "DELIVERED", "crated_at": "2025-03-25T21:13:57.399Z", "close": true}}, {"model": "orders.order", "pk": 63, "fields": {"table": 3, "product": 1, "payment": 39, "status": "DELIVERED", "crated_at": "2025-03-25T21:13:57.451Z", "close": true}}, {"model": "orders.order", "pk": 64, "fields": {"table": 3, "product": 2, "payment": 39, "status": "DELIVERED", "crated_at": "2025-03-25T21:13:57.470Z", "close": true}}, {"model": "orders.order", "pk": 65, "fields": {"table": 3, "product": 12, "payment": 39, "status": "DELIVERED", "crated_at": "2025-03-25T21:13:57.505Z", "close": true}}, {"model": "orders.order", "pk": 66, "fields": {"table": 3, "product": 1, "payment": 40, "status": "DELIVERED", "crated_at": "2025-03-25T21:33:32.198Z", "close": true}}, {"model": "orders.order", "pk": 67, "fields": {"table": 3, "product": 5, "payment": 40, "status": "DELIVERED", "crated_at": "2025-03-25T21:33:32.219Z", "close": true}}, {"model": "orders.order", "pk": 68, "fields": {"table": 3, "product": 12, "payment": 40, "status": "DELIVERED", "crated_at": "2025-03-25T21:33:32.239Z", "close": true}}, {"model": "orders.order", "pk": 69, "fields": {"table": 3, "product": 3, "payment": 41, "status": "DELIVERED", "crated_at": "2025-03-25T21:43:11.364Z", "close": true}}, {"model": "orders.order", "pk": 70, "fields": {"table": 3, "product": 1, "payment": 41, "status": "DELIVERED", "crated_at": "2025-03-25T21:43:11.386Z", "close": true}}, {"model": "orders.order", "pk": 71, "fields": {"table": 3, "product": 12, "payment": 41, "status": "DELIVERED", "crated_at": "2025-03-25T21:43:11.408Z", "close": true}}, {"model": "orders.order", "pk": 72, "fields": {"table": 3, "product": 3, "payment": 42, "status": "DELIVERED", "crated_at": "2025-03-26T02:51:31.048Z", "close": true}}, {"model": "orders.order", "pk": 73, "fields": {"table": 3, "product": 5, "payment": 42, "status": "DELIVERED", "crated_at": "2025-03-26T02:51:31.068Z", "close": true}}, {"model": "orders.order", "pk": 74, "fields": {"table": 3, "product": 2, "payment": 42, "status": "DELIVERED", "crated_at": "2025-03-26T02:51:31.087Z", "close": true}}, {"model": "orders.order", "pk": 75, "fields": {"table": 3, "product": 12, "payment": 42, "status": "DELIVERED", "crated_at": "2025-03-26T02:51:31.106Z", "close": true}}, {"model": "orders.order", "pk": 76, "fields": {"table": 3, "product": 1, "payment": 43, "status": "DELIVERED", "crated_at": "2025-03-26T21:54:28.788Z", "close": true}}, {"model": "orders.order", "pk": 77, "fields": {"table": 3, "product": 12, "payment": 43, "status": "DELIVERED", "crated_at": "2025-03-26T21:54:28.807Z", "close": true}}, {"model": "payments.payment", "pk": 27, "fields": {"table": 3, "totalPayment": "150.00", "paymentType": "CASH", "statusPayment": "PAID", "created_at": "2025-03-14T23:18:10.449Z"}}, {"model": "payments.payment", "pk": 28, "fields": {"table": 3, "totalPayment": "150.00", "paymentType": "CASH", "statusPayment": "PAID", "created_at": "2025-03-14T23:27:40.208Z"}}, {"model": "payments.payment", "pk": 29, "fields": {"table": 3, "totalPayment": "150.00", "paymentType": "CARD", "statusPayment": "PAID", "created_at": "2025-03-14T23:29:39.003Z"}}, {"model": "payments.payment", "pk": 30, "fields": {"table": 6, "totalPayment": "150.00", "paymentType": "CASH", "statusPayment": "PAID", "created_at": "2025-03-14T23:32:42.784Z"}}, {"model": "payments.payment", "pk": 31, "fields": {"table": 3, "totalPayment": "150.00", "paymentType": "CARD", "statusPayment": "PAID", "created_at": "2025-03-15T22:58:45.263Z"}}, {"model": "payments.payment", "pk": 32, "fields": {"table": 3, "totalPayment": "250.00", "paymentType": "CARD", "statusPayment": "PAID", "created_at": "2025-03-19T20:52:56.221Z"}}, {"model": "payments.payment", "pk": 33, "fields": {"table": 3, "totalPayment": "160.00", "paymentType": "CASH", "statusPayment": "PAID", "created_at": "2025-03-19T22:27:10.917Z"}}, {"model": "payments.payment", "pk": 34, "fields": {"table": 1, "totalPayment": "950.00", "paymentType": "CARD", "statusPayment": "PAID", "created_at": "2025-03-24T21:40:05.506Z"}}, {"model": "payments.payment", "pk": 35, "fields": {"table": 3, "totalPayment": "370.00", "paymentType": "CASH", "statusPayment": "PAID", "created_at": "2025-03-25T08:01:51.966Z"}}, {"model": "payments.payment", "pk": 36, "fields": {"table": 3, "totalPayment": "410.00", "paymentType": "CARD", "statusPayment": "PAID", "created_at": "2025-03-25T08:20:46.542Z"}}, {"model": "payments.payment", "pk": 37, "fields": {"table": 3, "totalPayment": "310.00", "paymentType": "CASH", "statusPayment": "PAID", "created_at": "2025-03-25T08:44:15.745Z"}}, {"model": "payments.payment", "pk": 38, "fields": {"table": 3, "totalPayment": "300.00", "paymentType": "CASH", "statusPayment": "PAID", "created_at": "2025-03-25T08:48:01.101Z"}}, {"model": "payments.payment", "pk": 39, "fields": {"table": 3, "totalPayment": "310.00", "paymentType": "CARD", "statusPayment": "PAID", "created_at": "2025-03-25T21:14:59.478Z"}}, {"model": "payments.payment", "pk": 40, "fields": {"table": 3, "totalPayment": "160.00", "paymentType": "CASH", "statusPayment": "PAID", "created_at": "2025-03-25T21:34:25.154Z"}}, {"model": "payments.payment", "pk": 41, "fields": {"table": 3, "totalPayment": "160.00", "paymentType": "CARD", "statusPayment": "PAID", "created_at": "2025-03-25T21:44:40.004Z"}}, {"model": "payments.payment", "pk": 42, "fields": {"table": 3, "totalPayment": "260.00", "paymentType": "CASH", "statusPayment": "PAID", "created_at": "2025-03-26T02:52:14.396Z"}}, {"model": "payments.payment", "pk": 43, "fields": {"table": 3, "totalPayment": "60.00", "paymentType": "CARD", "statusPayment": "PAID", "created_at": "2025-03-26T21:55:31.497Z"}}]